<?xml version="1.0" encoding="UTF-8" ?>
<!DOCTYPE mapper
        PUBLIC "-//mybatis.org//DTD Mapper 3.0//EN"
        "https://mybatis.org/dtd/mybatis-3-mapper.dtd">
<mapper namespace="MemberMapper">
    <select id="idCheck" parameterType="string" resultType="MemberDTO">
        SELECT *
        FROM MEMBER
        WHERE USERID = #{userid}
    </select>

    <insert id="memberAdd" parameterType="MemberDTO">
        INSERT INTO MEMBER (USERID, PASSWORD, USERNAME, POST, ADDR1, ADDR2, PHONE1, PHONE2, PHONE3, EMAIL1, EMAIL2)
        VALUES (#{userid} , #{password}, #{username}, #{post}, #{addr1}, #{addr2}, #{phone1}, #{phone2}, #{phone3}, #{email1}, #{email2})
    </insert>

    <select id="login" parameterType="hashmap" resultType="MemberDTO">
        SELECT *
        FROM MEMBER
        WHERE USERID = #{userid} AND PASSWORD = #{password}
    </select>

    <select id="mypage" parameterType="string" resultType="MemberDTO">
        SELECT *
        FROM MEMBER
        WHERE USERID = #{userid}
    </select>
</mapper>