<?xml version="1.0" encoding="UTF-8" ?>
<!DOCTYPE mapper
        PUBLIC "-//mybatis.org//DTD Mapper 3.0//EN"
        "https://mybatis.org/dtd/mybatis-3-mapper.dtd">
<mapper namespace="MapMapper">
    <update id="loadApi" parameterType="MapDTO">
        MERGE INTO FASTIVAL F
        USING DUAL ON (
            F.FSTVLNM = #{fstvlNm} AND
            F.OPAR = #{opar} AND
            F.FSTVLSTARTDATE = #{fstvlStartDate} AND
            F.FSTVLENDDATE = #{fstvlEndDate}
        )
        WHEN MATCHED THEN
            UPDATE SET
                FSTVLCO = #{fstvlCo},
                MNNST = #{mnnst},
                AUSPCLNSTT = #{auspcInstt},
                SUPRTLNSTT = #{suprtInstt},
                PHONENUMBER = #{phoneNumber},
                HOMEPAGEURL = #{homepageUrl},
                RELATEINFO = #{relateInfo},
                RDNMADR = #{rdnmadr},
                LNMADR = #{lnmadr},
                LATITUDE = #{latitude},
                LONGITUDE = #{longitude},
                REFERENCEDATE = #{referenceDate},
                INSTT_CODE = #{insttCode}
        WHEN NOT MATCHED THEN
            INSERT (NUM, FSTVLNM, OPAR, FSTVLSTARTDATE, FSTVLENDDATE, FSTVLCO, MNNST, AUSPCLNSTT, SUPRTLNSTT,
                    PHONENUMBER, HOMEPAGEURL, RELATEINFO, RDNMADR, LNMADR, LATITUDE, LONGITUDE, REFERENCEDATE,
                    INSTT_CODE)
            VALUES (FASTIVAL_SEQ.nextval, #{fstvlNm}, #{opar}, #{fstvlStartDate}, #{fstvlEndDate}, #{fstvlCo},
                    #{mnnst}, #{auspcInstt}, #{suprtInstt}, #{phoneNumber}, #{homepageUrl}, #{relateInfo},
                    #{rdnmadr}, #{lnmadr}, #{latitude}, #{longitude}, #{referenceDate}, #{insttCode})
    </update>

    <insert id="insertApi" parameterType="MapDTO">
        INSERT INTO FASTIVAL(NUM, FSTVLNM, OPAR, FSTVLSTARTDATE, FSTVLENDDATE, FSTVLCO, MNNST, AUSPCLNSTT, SUPRTLNSTT,
                             PHONENUMBER, HOMEPAGEURL, RELATEINFO, RDNMADR, LNMADR, LATITUDE, LONGITUDE,
                             REFERENCEDATE, INSTT_CODE)
        VALUES (FASTIVAL_SEQ.nextval, #{fstvlNm}, #{opar}, #{fstvlStartDate}, #{fstvlEndDate}, #{fstvlCo},
                #{mnnst}, #{auspcInstt}, #{suprtInstt}, #{phoneNumber}, #{homepageUrl}, #{relateInfo},
                #{rdnmadr}, #{lnmadr}, #{latitude}, #{longitude}, #{referenceDate}, #{insttCode})
    </insert>
    
    <select id="findAll" resultType="MapDTO" parameterType="string">
    	select fstvlNm, opar, fstvlStartDate, fstvlEndDate, fstvlCo
    	from fastival
    	where rdnmadr like '%' || #{location} || '%' OR lnmadr like '%' || #{location} || '%'
    </select>

	<select id="counting" resultType="int" parameterType="string">
		select count(*)
		from fastival
		where rdnmadr like '%' || #{location} || '%' OR lnmadr like '%' || #{location} || '%'
	</select>

</mapper>