<?xml version="1.0" encoding="UTF-8"?>
<beans xmlns="http://www.springframework.org/schema/beans"
	xmlns:xsi="http://www.w3.org/2001/XMLSchema-instance"
	xmlns:context="http://www.springframework.org/schema/context"
	xsi:schemaLocation="http://www.springframework.org/schema/beans https://www.springframework.org/schema/beans/spring-beans.xsd
		http://www.springframework.org/schema/context http://www.springframework.org/schema/context/spring-context-4.3.xsd">
	
	<!-- Root Context: defines shared resources visible to all other web components -->
	<context:property-placeholder location="classpath:com/config/jdbc.properties"/>
	
	<bean id="zzz" class="org.apache.commons.dbcp2.BasicDataSource">
		<property name="driverClassName" value="${jdbc.driver}"></property>
		<property name="url" value="${jdbc.url}"></property>
		<property name="username" value="${jdbc.username}"></property>
		<property name="password" value="${jdbc.password}"></property>
	</bean>
	
	<bean id="sqlsessionfactory" class="org.mybatis.spring.SqlSessionFactoryBean">
		<property name="dataSource" ref="zzz"></property>
		<property name="mapperLocations">
			<list>
				<value>classpath:com/config/Mapper.xml</value>
			</list>
		</property>
		<property name="typeAliases">
			<list>
				<value>com.dto.MapDTO</value>
			</list>
		</property>
	</bean>
	
	<bean id="sqlsessiontemplate" class="org.mybatis.spring.SqlSessionTemplate">
		<constructor-arg name="sqlSessionFactory" ref="sqlsessionfactory"></constructor-arg>
	</bean>
		
</beans>
