<?xml version="1.0" encoding="UTF-8"?>
<beans xmlns="http://www.springframework.org/schema/beans"
	   xmlns:xsi="http://www.w3.org/2001/XMLSchema-instance"
	   xmlns:context="http://www.springframework.org/schema/context" xmlns:tx="http://www.springframework.org/schema/tx"
	   xsi:schemaLocation="http://www.springframework.org/schema/beans https://www.springframework.org/schema/beans/spring-beans.xsd http://www.springframework.org/schema/context https://www.springframework.org/schema/context/spring-context.xsd http://www.springframework.org/schema/tx http://www.springframework.org/schema/tx/spring-tx.xsd">
	
	<!-- Root Context: defines shared resources visible to all other web components -->

	<!-- properties 파일 등록 -->
	<context:property-placeholder location="classpath:com/config/jdbc.properties"/>

	<bean id="dataSource" class="org.apache.commons.dbcp2.BasicDataSource">
		<property name="driverClassName" value="${jdbc.driver}"/>
		<property name="url" value="${jdbc.url}"/>
		<property name="username" value="${jdbc.username}"/>
		<property name="password" value="${jdbc.password}"/>
	</bean>

	<!-- transaction 설정 -->
	<bean id="transactionManager" class="org.springframework.jdbc.datasource.DataSourceTransactionManager">
		<property name="dataSource" ref="dataSource"/>
	</bean>
	<tx:annotation-driven transaction-manager="transactionManager"/>

	<bean id="sessionFactory" class="org.mybatis.spring.SqlSessionFactoryBean">
		<property name="dataSource" ref="dataSource"/>
		<property name="mapperLocations">
			<list>
				<value>classpath:com/config/MapMapper.xml</value>
				<value>classpath:com/config/MemberMapper.xml</value>
				<value>classpath:com/config/CommentMapper.xml</value>
			</list>
		</property>
		<property name="typeAliases">
			<list>
				<value>com.dto.MapDTO</value>
				<value>com.dto.MemberDTO</value>
				<value>com.dto.CommentDTO</value>
			</list>
		</property>
	</bean>

	<bean class="org.mybatis.spring.SqlSessionTemplate">
		<constructor-arg name="sqlSessionFactory" ref="sessionFactory"/>
	</bean>
</beans>
