<?xml version="1.0" encoding="UTF-8"?>
<beans xmlns="http://www.springframework.org/schema/beans"
	   xmlns:xsi="http://www.w3.org/2001/XMLSchema-instance"
	   xmlns:context="http://www.springframework.org/schema/context"
	   xmlns:task="http://www.springframework.org/schema/task" xmlns:mvc="http://www.springframework.org/schema/mvc"
	   xsi:schemaLocation="http://www.springframework.org/schema/beans https://www.springframework.org/schema/beans/spring-beans.xsd http://www.springframework.org/schema/context https://www.springframework.org/schema/context/spring-context.xsd http://www.springframework.org/schema/task http://www.springframework.org/schema/task/spring-task.xsd http://www.springframework.org/schema/mvc https://www.springframework.org/schema/mvc/spring-mvc.xsd">
	
	<!-- servlet-context.xml -->
	<context:component-scan base-package="com.*"/>

	<bean class="org.springframework.web.servlet.view.InternalResourceViewResolver">
		<property name="prefix" value="/WEB-INF/views/"/>
		<property name="suffix" value=".jsp"/>
	</bean>

	<!-- scheduler 설정 -->
	<task:annotation-driven executor="executor" scheduler="scheduler"/>
	<task:executor id="executor" pool-size="5"/>
	<task:scheduler id="scheduler" pool-size="10"/>

	<mvc:annotation-driven />
	<mvc:default-servlet-handler />

	<!-- static resource -->
	<mvc:resources location="/WEB-INF/images/" mapping="/images/**" />
	<mvc:resources location="/WEB-INF/js/" mapping="/js/**" />
	<mvc:resources location="/WEB-INF/css/" mapping="/css/**" />

	<!-- interceptor 경로 지정 -->
	<mvc:interceptors>
		<mvc:interceptor>
			<mvc:mapping path="/*/login"/>
			<ref bean="loginCheck"/>
		</mvc:interceptor>
	</mvc:interceptors>
</beans>

